"""Domains from primis"",""requests from primis"","""","""","""","""",""""
","
Domains from Primis:

1. Business & Industrial: Business Services
2. Technology & Computing: Web Services & Development
3. Shopping & eCommerce: Online Shopping

Requests from Primis:

1. Business & Industrial: Business Services
2. Technology & Computing: Web Services & Development
3. Shopping & eCommerce: Online Shopping"
"""www.broadwayworld.com"",""2519239"","""","""","""","""",""""
","
Arts & Entertainment > Performing Arts > Theater > Broadway"
"""www.trueachievements.com"",""2457074"","""","""","""","""",""""
","
IAB Taxonomy 2.2: Games (QR-G)"
"""www.businessinsider.com"",""2426432"","""","""","""","""",""""
","
Business & Finance > Investing > Business News & Media"
"""www.acronymfinder.com"",""2174811"","""","""","""","""",""""
","
IAB Taxonomy 2.2: Reference > Dictionaries & Encyclopedias"
"""www.cbr.com"",""2163429"","""","""","""","""",""""
","
Content: Business & Finance (IAB22)"
